created_utc,title,self_text,subreddit
1719925982.0,"At least 27 people, mostly women, have been killed in northern India in a stampede at a satsang (a Hindu religious event)",,worldnews
1719925662.0,US to loan Poland $2 billion for purchase of American air defence systems,,worldnews
1719924500.0,UK leads NATO’s new ‘Allied Reaction Force’ to deter Russia,,worldnews
1719924386.0,Philippines says it will be 'relentless' in protecting interests in South China Sea,,worldnews
1719921036.0,"At least 27 dead in stampede during religious gathering in northern India
",,worldnews
1719901928.0,"Anti-coup forces allege Myanmar military using banned, restricted weapons",,worldnews
1719908480.0,Paris mayor: rise of far right will not spoil Olympics mood,,worldnews
1719923295.0,North Korea brags of new missile with 'super-large warhead.' Outsiders doubt the North's claim,,worldnews
1719922782.0,At least 27 crushed to death at Hindu gathering in northern India,,worldnews
1719922725.0,Senior Gaza doctor alleges ‘severe torture’ following release from Israeli detention as politicians clash over decision,,worldnews
1719922431.0,Greece becomes first EU country to introduce a six-day working week,,worldnews
1719922234.0,Kenyan police fired tear gas to scatter small crowds in the capital Nairobi on Tuesday after youth activists called for fresh protests following deadly violence during anti-tax hike demonstrations last month,,worldnews
1719922118.0,"Central African Republic's children are world's most deprived, UNICEF says",,worldnews
1719921907.0,"A Cambodian court Tuesday sentenced 10 environmentalists to between six and eight years in jail over their activism in a case condemned by rights campaigners as a ""crushing blow"" to the kingdom's civil society",,worldnews
1719921716.0,Mob of 'middle eastern men' brutally beat lesbian couple out celebrating a birthday,,worldnews
1719921564.0,"Hurricane Beryl, currently a chart-topping Category 5, expected to head for Jamaica",,worldnews
1719919740.0,Israeli military orders large-scale evacuation from Khan Younis,,worldnews
1719919514.0,"Israel to provide Gazans with electricity, water",,worldnews
1719918790.0,Another One Of Russia’s Nuclear-Proof Transports Just Got Blown Up In Ukraine,,worldnews
1719909509.0,Netanyahu says Israel advancing to ‘end of the stage of eliminating’ Hamas’ army in Gaza,,worldnews
1719918302.0,"Netherlands completes export license for 24 F-16s, jets to reach Ukraine 'soon'",,worldnews
1719918215.0,"Islamic State killed nearly 4,100 in Syria since collapse of caliphate in 2019 – report",,worldnews
1719918059.0,Iranian general says itching to carry out another direct missile attack on Israel,,worldnews
1719917935.0,Riots breaks out against Turkish presence in Syria as Ankara mulls detente with Assad,,worldnews
1719917833.0,Guardian: Orban to make surprise visit to Kyiv,,worldnews
1719915700.0,Croatia’s tourist hotspots hit by storms with hail the size of ‘tennis balls’,,worldnews
1719915376.0,Former spy chief Dick Schoof sworn in as new Dutch prime minister,,worldnews
1719915139.0,Italy's Meloni breaks silence on youth wing's fascist comments,,worldnews
1719914825.0,Cambodia: Mother Nature activists jailed for 'anti-state plot',,worldnews
1719914379.0,French candidates bow out in concerted bid to block far-right ,,worldnews
1719914189.0,Le Pen accuses Macron of 'administrative coup d'état' as he speeds up appointments,,worldnews
1719913998.0,"Norwegian citizen arrested for alleged spying for China, NTB agency reports",,worldnews
1719912737.0,UN calls Russia to stop jamming GPS communications ,,worldnews
1719912545.0,Greece introduces ‘growth-oriented’ six-day working week,,worldnews
1719911250.0,Palestinians flee Khan Younis as Israeli forces strike south Gaza,,worldnews
1719910930.0,Orbán arrives in Kyiv for first visit since start of war following lengthy negotiations on the rights of Ukraine’s Hungarian-speaking minority,,worldnews
1719910214.0,"
French far-right candidate to drop out after picture emerges of her wearing Nazi cap
",,worldnews
1719909989.0,Mauritania's President Ghazouani re-elected ,,worldnews
1719909507.0,U.N. adopts Chinese resolution with U.S. support on closing gap in access to artificial intelligence ,,worldnews
1719909361.0,"Russia starts to chair UN Security Council in July, Ukraine not on agenda",,worldnews
1719908117.0,Dozens injured by turbulence on flight diverted to Brazil,,worldnews
1719906115.0,Iranian Labor Activist Announces Election Boycott by Workers,,worldnews
1719906042.0,"Over 100 US Plaintiffs Sue Iran, Syria, N Korea Over Hamas Attack Support",,worldnews
1719904353.0,Macron’s Election Gamble Has Failed. Now He’s Nowhere to Be Seen,,worldnews
1719903893.0,Finnish parliament unanimously approves defence agreement with USA,,worldnews
1719901913.0,"Ukraine thwarts alleged coup attempt, security service says ",,worldnews
1719901238.0,"Car Plows Into Pedestrians in South Korea, Killing Nine",,worldnews
1719901067.0,Ukrainian air base under fire as Russia aims at F-16 arrivals,,worldnews
1719897595.0,North Korea claims new missile can carry 4.5-ton warhead,,worldnews
1719897178.0,Hungarian PM expected to make surprise trip to Kyiv on Tuesday,,worldnews
1719897081.0,"Israel orders Palestinians to flee Khan Younis, signaling likely new assault on southern Gaza city",,worldnews
1719896802.0,"José Raúl Mulino sworn in as Panama’s new president, vows migration crackdown",,worldnews
1719894677.0,German weapons exports on course to hit new record,,worldnews
1719894311.0,Germany plans new war bunkers,,worldnews
1719892949.0,"/r/WorldNews Live Thread: Russian Invasion of Ukraine Day 859, Part 1 (Thread #1006)",,worldnews
1719891729.0,One man 'likely buried underground' can say yes to a deal in Gaza,,worldnews
1719891321.0,"Mexican cartels boast of increased lethal firepower, including some weapons from the U.S.",,worldnews
1719891208.0,World’s largest solar plant goes online in China,,worldnews
1719891073.0,"Chinese Auto Brands To Surge To 33% Of Global Market, Report Says",,worldnews
1719890737.0,Hurricane Beryl reaches Category 5 status,,worldnews
1719890500.0,Iranian presidential candidates accuse each other of having no plan or experience ahead of runoff,,worldnews
1719888383.0,"Hurricane Beryl is ‘even stronger’ as it churns toward Jamaica after devastating Windward Islands, leaving at least 1 dead",,worldnews
1719887541.0,Houthis claim they will unveil new kamikaze drone boat,,worldnews
1719886993.0,Melbourne airport staff accused of smuggling drugs for organised crime cartels,,worldnews
1719886723.0,Australia tells internet firms to say how they will stop children from seeing porn or face having a code imposed on it,,worldnews
1719886147.0,"Nvidia is set to be charged by the French antitrust regulator for allegedly anticompetitive practices, making it the first enforcer to act against the computer chip maker.",,worldnews
1719886096.0,Netanyahu says end-phase of war on Hamas is close,,worldnews
1719886050.0,North Korea said it successfully tested a new tactical ballistic missile on Monday capable of carrying a 4.5-ton super large warhead,,worldnews
1719882310.0,US to pay for flights to help Panama remove migrants who may be heading north,,worldnews
1719882259.0,"Brazil's Amazon sees worst 6 months of wildfires in 20 years, the result of a historic drought",,worldnews
1719882171.0,"Ahead of election, Venezuela's Maduro says he has 'agreed' to resume negotiations with United States",,worldnews
1719878698.0,Sunak and Starmer hammer home key messages as polling day nears,,worldnews
1719876278.0,Hurricane Beryl: Caribbean leader calls out rich countries for climate failures as ‘horrendous’ storm makes landfall,,worldnews
1719875696.0,Trump Tower coming to Saudi Arabia,,worldnews
1719874192.0,Renault Korea apologizes after YouTube channel accused of showing finger-pinching gesture considered misandry symbol,,worldnews
1719872115.0,Meta risks fines over 'pay for privacy' model breaking EU rules,,worldnews
1719871547.0,North Korea says it tested ballistic missile capable of carrying super-large warhead,,worldnews
1719871015.0,Blinken: Israel effectively lost sovereignty in north due to Hezbollah,,worldnews
1719870490.0,Kyiv Pushes Allies to Create No-Fly Zone in Western Ukraine,,worldnews
1719868491.0,Nokia and Telefónica partner to boost Spanish private 5G networks,,worldnews
1719868070.0,"Four people were killed after armed protesters and Turkish forces clashed in Syria's Ankara-controlled northwest Monday, a war monitor said, in demonstrations sparked by violence against Syrians in Turkey a day earlier",,worldnews
1719867810.0,Freed Gaza hospital head accuses Israel of repeated torture,,worldnews
1719867811.0,"Palestinian militants fire rockets into Israel, tanks advance in Gaza",,worldnews
1719867276.0,At least nine dead in South Korean capital Seoul as car ploughs into crowd,,worldnews
1719865732.0,Turkey mediating Somalia-Ethiopia talks on port deal,,worldnews
1719864170.0,Summer Covid wave ‘building’ after rise in hospital admissions,,worldnews
1719864138.0,Pharma firms stash profits in Europe's tax havens as patients struggle with drug prices,,worldnews
1719863479.0,Video-gaming teenager to become first Catholic millennial saint as pope and cardinals approve canonization,,worldnews
1719862822.0,Bolivia recalls ambassador to Argentina after Milei denies failed coup,,worldnews
1719861887.0,Swedes take a new step in parental leave. Grandparents can now get paid to take care of grandkids,,worldnews
1719860485.0,Houthis ban music and singing in weddings,,worldnews
1719860126.0,Bild: Israel may launch ground operation against Hezbollah as early as July,,worldnews
1719859873.0,Hamas manages to fire 20 rockets from Khan Yunis for first time in months,,worldnews
1719858171.0,Kurdish Hackers target Fenerbahce Football club and gain access to its databank,,worldnews
1719856727.0,Larry Changa: Founder of Venezuela's most feared gang arrested,,worldnews
1719856380.0,Over 50% of public electricity generation in the EU came from renewables for the first time in the first half of 2024,,worldnews
1719856354.0,Israel releases head of Gaza's Al-Shifa hospital after 7-month detention without charge,,worldnews
1719856348.0,Spain: Supreme Court upholds Puigdemont arrest warrant. Catalan leader Carles Puigdemont is accused of embezzlement during Catalonia's 2017 independence bid. He had hoped to return to Spain without fear of arrest after an amnesty law was passed by parliament,,worldnews
1719855818.0,Rival parties race to block far right as France heads into legislative run-off,,worldnews
1719854358.0,Biggest catch of guns smuggled from Jordan,,worldnews
1719853365.0,Polish zloty down in French election hangover,,worldnews
1719853036.0,A teen tech whiz nicknamed 'God's influencer' will become the first millennial saint,,worldnews
1719851628.0,82-year-old anti-war candidate forced to drop out of St. Petersburg governor race says she will ‘continue to fight’,,worldnews
1719851618.0,"Saudi Arabia announces discovery of seven oil, gas deposits",,worldnews
1719850622.0,German court convicts far-right politician Bjoern Hoecke for using Nazi slogan,,worldnews
1719849007.0,"Hurricane Beryl makes landfall as ""extremely dangerous"" Category 4 storm lashing Caribbean islands",,worldnews
1719815247.0,"Mauritania’s President Mohamed Ould Ghazouani on track for reelection, provisional results show",,worldnews
1719847449.0,Elderly rabbi hounded out by Gaza mob in England,,worldnews
1719847036.0,To Vote Or Not To Vote? Iranians Mull Continuing Presidential Election Boycott,,worldnews
1719846814.0,"'Critical' vulnerability in OpenSSH uncovered, affects almost all Linux systems",,worldnews
1719846264.0,Poland takes over the presidency of the Visegrád Group,,worldnews
1719845875.0,Extremely dangerous' Hurricane Beryl hurtles towards Caribbean,,worldnews
1719845734.0,China starts smartphone inspections to boost anti-espionage efforts,,worldnews
1719844673.0,Russian court sentences Ukrainian journalist in absentia to 14 years in prison ,,worldnews
1719841360.0,Argentina: Government proposes lowering age of criminal responsibility from 16 to 13,,worldnews
1719840289.0,Workers say some 60 Cambodian rescued maids still in Saudi Arabia,,worldnews
1719839867.0,Estonia says it could hold out against a Russian attack 'for a couple of weeks' before NATO arrives,,worldnews
1719839067.0,"China food scientists combine pork, chicken with rice in lab-grown meat advance ",,worldnews
1719839053.0,"AI Model Created by Scientists Predicts Osteoporosis Risk
",,worldnews
1719839040.0,Ukraine is releasing thousands of prisoners so they can join the fight against Russia,,worldnews
1719838955.0,"‘They burned books, like the Nazis did 80 years ago’: Russia’s deadly attack on Ukraine’s biggest printing house",,worldnews
1719838637.0,British warship carries out patrol off North Korea,,worldnews
1719838561.0,Hurricane Beryl lashes islands as life-threatening Category 4 in a dangerous early start to the season,,worldnews
1719836264.0,"India develops one of the most powerful non-nuclear bombs, 2x lethal than TNT",,worldnews
1719835528.0,Indonesia to impose up to 200-pct import tariffs on Chinese goods,,worldnews
1719835450.0,Poland introduces “slimmed-down” school curriculum cutting content by 20%,,worldnews
1719835396.0,Pride Parade cancelled mid-route after pro-Palestinian demonstration on Yonge,,worldnews
1719834770.0,Israel releases director of hospital it says was used as a Hamas base. He alleges abuse in custody,,worldnews
1719831430.0,Turkey: Istanbul's banned Pride Parade leads to arrests – DW,,worldnews
1719830741.0,"""Extremely dangerous and rare"" Hurricane Beryl bearing down on Caribbean islands",,worldnews
1719830380.0,Philippines ready to discuss with Vietnam South China Sea issues,,worldnews
1719821472.0,"N. Korea fires two short-range ballistic missiles, one fails",,worldnews
1719829752.0,Home Office was warned about NHS cyber hacks months before Kremlin-backed attack,,worldnews
1719829691.0,"'US doesn't see Ukraine in NATO today,' Zelensky says",,worldnews
1719826647.0,Philippines Ready to Discuss With Vietnam South China Sea Issues,,worldnews
1719825904.0,Ukraine Arrests Provocateurs Planning to Seize Parliament Building,,worldnews
1719823300.0,The Taliban tell the West to look past harsh edicts on Afghan women and girls and build ties,,worldnews
1719822879.0,"Judge in Ecuador orders judges, attorneys and officials held in jail as part of corruption probe",,worldnews
1719822449.0,"N. Korea fires two short-range ballistic missiles, one fails",,worldnews
1719822084.0,China deploys aircraft carrier off Philippine coast amid tensions,,worldnews
1719821690.0,Advocates for reparations say Dutch slavery apologies not enough,,worldnews
1719820398.0,Gassy cows and pigs will face a carbon tax in Denmark — a world first,,worldnews
1719819774.0,"Kenyan President Defends Handling of Deadly Youth Protests | ""I Mean, What Choice Did I Have?""",,worldnews
1719817968.0,Israeli tanks advance into areas in north and south Gaza as fighting rages,,worldnews
1719817235.0,Chinese space rocket crashes in flames after accidental launch | Space,,worldnews
1719816396.0,Australia doubles foreign student visa fee in migration crackdown,,worldnews
1719813111.0,Zelenskiy Says More Air Defenses Needed Against 'Russian Terror' As Vilnyansk Casualty Toll Tops 40,,worldnews
1719811750.0,Singapore to tighten regulations to prevent misuse of casinos for terrorism financing,,worldnews
1719811519.0,"North Korea fires two missiles after end of joint drills by U.S., South Korea and Japan",,worldnews
1719809970.0,Turkish airport workers refuse to refuel El Al plane after emergency landing,,worldnews
1719807908.0,South Africa's Ramaphosa announces cabinet that includes ex-opposition leader,,worldnews
1719807200.0,"N. Korea fires two short-range ballistic missiles, one fails",,worldnews
1719807033.0,"S. Korea to launch population ministry to address low birth rates, aging population",,worldnews
1719806280.0,Israel sparks international condemnation over plans to legalize five West Bank settlements,,worldnews
1719806560.0,"/r/WorldNews Live Thread: Russian Invasion of Ukraine Day 858, Part 1 (Thread #1005)",,worldnews
1719805595.0,"India’s steel trade deficit widens as Chinese imports surge, exports decline",,worldnews
1719804925.0,Be wary of China: jailed Hong Kong mogul Jimmy Lai’s son visits Australia,,worldnews
1719799745.0,Bolivian general accused of failed coup is transferred to maximum-security prison,,worldnews
1719799581.0,France’s exceptionally high-stakes election has begun. The far right leads pre-election polls.,,worldnews
1719798279.0,"Iran Faces a 176,000 Teacher Shortage for New Academic Year",,worldnews
1719798098.0,Two Iranian Protesters Face Charges Punishable by Death,,worldnews
1719797962.0,"Mother of Slain Iranian Protester Physically Assaulted in Prison, Family Reports",,worldnews
1719796109.0,Hurricane Beryl: 'Extremely dangerous' storm approaches southeast Caribbean,,worldnews
1719785751.0,Iran picks up the pace to help sustain Hezbollah's attacks on northern Israel,,worldnews
1719776657.0,Several injured in German cafe acid attack | CNN,,worldnews
1719791062.0,"North Korea launches ballistic missile off its east coast, South Korea says",,worldnews
1719787981.0,‘Miracle’ in miniature as rare new plant defies deforestation in Ecuador,,worldnews
1719785309.0,Ultra-Orthodox Jewish protesters attack Israeli minister’s car amid anger at military draft ruling,,worldnews
1719783279.0,German Far-Right Leader Sees Le Pen Victory in France as a Model,,worldnews
1719781477.0,South Africa's Pres. Ramaphosa finally appoints coalition cabinet with white-led DA | Semafor,,worldnews
1719779698.0,Hurricane Beryl strengthens into a Category 4 storm as it nears the southeast Caribbean,,worldnews
1719778927.0,Israel may transfer up to 8 Patriot batteries to Ukraine even as war in Israel’s north heats up,,worldnews
1719778677.0,Turkey Denies Refueling El Al Plane Following Emergency Landing In Antalya - I24NEWS,,worldnews
1719770391.0,OSCE Assembly Recognizes Russia’s Genocide of the Ukrainian People,,worldnews
1719775468.0,"Beryl, earliest Category 4 hurricane on record, brings perilous winds to Caribbean",,worldnews
1719774670.0,"Meretz, Labor Party sign agreement to merge parties under new party name 'The Democrats'",,worldnews
1719771739.0,Hungary's Orban moves to form new alliance with Austrian and Czech nationalist parties,,worldnews
1719771275.0,Myanmar central bank denies UN report on weapons transactions,,worldnews
1719770715.0,Le Pen’s far right set for big win in first round of French election,,worldnews
1719770554.0,US gifts C-130 Hercules to Botswana,,worldnews
1719770288.0,Companies in Russia supporting war targeted by Ukrainian hackers,,worldnews
1719769190.0,i24NEWS exclusive: Israel fears new front to open amid growing Iranian proxy influence in Mediterranean - I24NEWS,,worldnews
1719768829.0,"Suspected female suicide bombers kill at least 18 in Nigeria, authorities say ",,worldnews
1719767639.0,"Vatican is going solar, Pope to transition City to 100% green energy",,worldnews
1719767518.0,Uruguay holds primary elections with opposition gaining ground,,worldnews
1719767212.0,Former Al-Qaeda aide appears in UK interview on ‘mentoring children’,,worldnews
1719767158.0,Kurdish Cyber hackers target Turkish army and publish a huge database of its air force,,worldnews
1719764909.0,Several US military bases in Europe on heightened alert amid possible terrorist threat,,worldnews
1719763796.0,Iran threatens 'obliterating war' if Israel attacks Hezbollah in Lebanon,,worldnews
1719761584.0,"El Al plane makes emergency landing in Turkey, passengers forbidden from leaving the plane",,worldnews
1719760306.0,Poland’s first queer museum to open in Warsaw with support of city hall,,worldnews
1719758818.0,Chinese rocket static-fire test results in unintended launch and huge explosion,,worldnews
1719758130.0,Current kill ratio in Ukraine is one Ukrainian to six Russians – Zelenskyy ,,worldnews
1719758076.0,"""Polish FM Sikorski: Russia is not invincible, West can still defeat Putin"" 'Radosław Sikorski, Foreign Minister of Poland, argues that the West needs to re-learn how to win the game of escalation'",,worldnews
1719757692.0,"'Tension rises' at border with Belarus, Minsk accuses Kyiv of deploying troops",,worldnews
1719757233.0,Kurdish terrorist/arsonist organisation claims 19 wildfires on Aegean coast of Turkey,,worldnews
1719756712.0,Ukrainian drones attack Russian steel mill in overnight raid - company,,worldnews
1719755601.0,Head of Russia’s Investigative Committee angers Ramzan Kadyrov with call to ban niqab,,worldnews
1719755181.0,Canada’s 2023 wildfires created four times more emissions than planes did last year,,worldnews
1719752310.0,"China’s Xi Jinping vows more ‘market-oriented, legal and int’l business environment’",,worldnews
1719752207.0,"China urges Taiwanese to visit ‘without worry,’ despite threats of death penalty for ‘diehard’ independence advocates",,worldnews
1719752176.0,Estonia shields itself from the Russian threat: ‘We could hold out for a couple of weeks until the allies arrive’ ,,worldnews
1719751713.0,"The governor of Turkey's largest city of Istanbul has once more banned the LGBTQ+ community from holding a Pride Parade, without giving any reasons for his move except to say that ""illegal groups"" were wanting to hold a protest march without authorization",,worldnews
1719751127.0,'Gravely concerning' claims of Russian interference in general election to spread support for Farage's Reform,,worldnews
1719748489.0,"Ukraine now mass-producing strike drones with range of over 1,000 kilometers",,worldnews
1719748420.0,"More than 100,000 people rallied for LGBTQ rights in Mexico on Saturday, while Costa Rica's culture minister was sacked for supporting the country's own Pride March this weekend",,worldnews
1719748176.0,French authorities accused of ‘social cleansing’ of migrants and homeless before Paris Olympics,,worldnews
1719748121.0,"Russian satellite breaks up in space, forces ISS astronauts to shelter",,worldnews
1719748054.0,Rescuers free humpback whale tangled in 800kg (1763 pounds) of rope and fishing gear off Gippsland coast - ABC News,,worldnews
1719712794.0,Iran heads to presidential run-off on July 5 amid record low turnout,,worldnews
1719746898.0,Deadly Russian missile strikes kill civilians in southern Ukraine town,,worldnews
1719746318.0,Day of mourning announced in Ukraine’s Zaporizhzhia region after seven killed in Russian missile attack,,worldnews
1719745607.0,"Austrian far-right FPÖ, Viktor Orban's Fidesz and the Czech ANO party form a new EU alliance",,worldnews
1719745560.0,Defence probed 16 alleged links between personnel and extremism in two years,,worldnews
1719745292.0,Ukrainian hackers strike Russian firms aiding Kremlin in war,,worldnews
1719744805.0,"Germany increases arms exports by 30% in year's first half, with two-thirds going to Ukraine ",,worldnews
1719743949.0,Flooding of Rhone River causes severe road and rail traffic disruptions,,worldnews
1719743528.0,"Russia hits nine-story residential building in downtown Dnipro, killing at least 1, injuring 12",,worldnews
1719743130.0,"'Bombs fired at sleeping Jews': Turkish opposition leader condemns Hamas, Oct. 7",,worldnews
1719742864.0,Hungary's Orban announces new far-right bloc in European Parliament,,worldnews
1719739227.0,"Israeli tanks advance into areas in north and south Gaza, fighting rages",,worldnews
1719736694.0,President Milei hails ‘historic’ approval of his economic reform package,,worldnews
1719736656.0,Israeli DM Gallant on Hezbollah: 'We are not looking for war but we are ready for it',,worldnews
1719736636.0,"N Korea criticizes S Korea, U.S. and Japan ties as Asian version of NATO",,worldnews
1719734140.0,"Israel extends cooperation between Israeli and Palestinian banks, official says",,worldnews
1719734042.0,North Korean officials sport Kim Jong Un pins for first time,,worldnews
1719733407.0,EU approves new military aid to Ukraine without Hungary's consent,,worldnews
1719732771.0,Belgian PM to Orbán: EU Presidency does not mean you are the boss of Europe,,worldnews
1719732747.0,Voting starts in France's legislative elections with far-right stronger than ever,,worldnews
1719732743.0,US says actions of Hungary’s Sovereignty Protection Office deeply worrying and undemocratic,,worldnews
1719731860.0,Australia PM Says Arrogant Meta Should Pay Outlets for News,,worldnews
1719728179.0,Deaths linked to Japanese supplement suddenly rise to 80,,worldnews
1719725675.0,"Don't forget Tiananmen, Taiwan singer tells prestigious music awards",,worldnews
1719724731.0,Far-right Alternative for Germany reports surge in membership,,worldnews
1719723555.0,Fatal fire at lithium battery plant in South Korea exposes 5-year oversight lapse,,worldnews
1719720996.0,Atlantic storm develops into season's first hurricane,,worldnews
1719720580.0,"No progress in Gaza ceasefire talks with Israel, Hamas official says",,worldnews
1719720549.0,South China Sea: Chinese academics urged to ‘construct narratives’ to defend maritime claims,,worldnews
1719720185.0,"/r/WorldNews Live Thread: Russian Invasion of Ukraine Day 857, Part 1 (Thread #1004)",,worldnews
1719718588.0,"Suspected suicide bombers kill at least 18 in Nigeria, authorities say ",,worldnews
1719718375.0,Bloc calls for probe into Canadian then-defence minister Harjit Sajjan’s push to rescue Afghan Sikhs from Kabul,,worldnews
1719714872.0,"North Korea blames South Korea, U.S. and Japan ties as Asian version of NATO",,worldnews
1719714610.0,Borno: At least 18 killed in northern Nigeria blasts,,worldnews
1719712163.0,Bomb blasts kill at least 18 in Nigeria,,worldnews
1719704944.0,Lt.-Gen. Jennie Carignan to become first woman to lead Canadian Armed Forces,,worldnews
1719702043.0,"Khamenei protege, sole moderate to battle in Iran's presidential run-off",,worldnews
1719701049.0,Canadian airline WestJet cancels at least 235 flights following a surprise strike by mechanics union,,worldnews
1719700668.0,US Army armor rumbles into new NATO storage facility in Poland | Stars and Stripes,,worldnews
1719700559.0,Serbia says crossbow attack on guard outside Israeli embassy was terrorism - I24NEWS,,worldnews
1719698842.0,"North Korea's state media says there is an 'important report', does not give details",,worldnews
1719698311.0,EU companies to sign 40 billion euros' worth of deals with Egypt,,worldnews
1719697380.0,/r/WorldNews Live Thread for Israel-Hamas War (Thread #56),,worldnews
1719694556.0,Former Americanas CEO Gutierrez free in Spain in Brazil fraud case,,worldnews
1719694170.0,"China calls on scientists of all nations to study lunar samples, but notes obstacle with the US",,worldnews
1719692308.0,Panama acquits all defendants in Panama Papers lawsuit- claiming evidence of tax evasion was insufficiently documented to prove corrupt intent,,worldnews
1719690537.0,Argentina Approves Sweeping Economic Reform Package,,worldnews
1719689164.0,Former Tory minister flashed at while out canvassing with seven-year-old son,,worldnews
1719688439.0,Drought-hit lakes in Chile come back to life after downpours,,worldnews
1719687741.0,Germany's far-right AfD reelects leadership duo,,worldnews
1719687643.0,North Koreans ordered to provide human waste for fertilizer,,worldnews
1719685368.0,Arab League removes Hezbollah from list of terrorist organizations ,,worldnews
1719685226.0,UN official admits lack of data indicating famine in Gaza famine ,,worldnews
1719684672.0,Journalists refused entry to Azerbaijan energy conference ahead of Cop29 | Azerbaijan,,worldnews
1719683088.0,‘Disbelief’ as US-UK trade deals under threat after Britain axes negotiators,,worldnews
1719683039.0,Japan protests sex assault cases involving US military on Okinawa and their delayed disclosure,,worldnews
1719682537.0,"China tells Taiwanese to visit ‘in high spirits,’ despite execution threat",,worldnews
1719682512.0,Iran presidential election: moves to second round after low turn out,,worldnews
1719680641.0,China’s Offshore Wind Power Prices to Undercut Coal This Year,,worldnews
1719679648.0,"Poland, Germany and Czechia appeal to EC for greater support in hosting Ukrainian refugees",,worldnews
1719679138.0,US and Europe warn Lebanon's Hezbollah to ease strikes on Israel and back off from wider Mideast war,,worldnews
1719676867.0,Pro-war Russian poet revealed as anti-Putin hoax using Nazi poems,,worldnews
1719675712.0,"Suicides in Hong Kong hit 16-year high with nearly 1,100 cases: concern group",,worldnews
1719672317.0,"Kremlin claims ""provocations"" from US drones over Black Sea, prepares potential response",,worldnews
1719670134.0,Polish Prime Minister Tusk ‘99% certain’ Poland will sign security agreement with Ukraine,,worldnews
1719669669.0,"US sanctions Iran over nuclear escalations, petroleum transport",,worldnews
1719666299.0,Argentina returns 14 pieces of cultural relics to China,,worldnews
1719665058.0,Modi to Visit Russia for First Time Since Invasion of Ukraine ,,worldnews
1719664238.0,Iranian moderate in poll position after voters shun first round,,worldnews
1719663292.0,Serbia: crossbow attacker shot dead after firing bolt at Israeli embassy guard,,worldnews
1719662860.0,Sri Lanka demands compensation for its killed and wounded citizens who served in the Russian army ,,worldnews
1719662595.0,"Police officer guarding Israeli embassy in Serbia hit by an arrow, shoots attacker dead",,worldnews
1719662512.0,Newly discovered asteroid to pass close to Earth on Saturday,,worldnews
1719662363.0,Ukraine: Solar installations are growing massively in the face of Russian bombardment,,worldnews
1719659442.0,Iran heading for runoff election between reformist lawmaker Masoud Pezeshkian and hardline former nuclear negotiator Saeed Jalili after neither lead candidate scores majority,,worldnews
1719658736.0,Air Force: Ukraine downs all 10 Russian drones launched overnight,,worldnews
1719658474.0,Germany: Police clash with protesters ahead of AfD congress ,,worldnews
1719656586.0,"North Korean troops fighting in Ukraine would be 'cannon fodder,' Pentagon says",,worldnews
1719656099.0,‘We Need To Start…’: Putin Says Russia Should Start Producing Banned Missiles - News18,,worldnews
1719655167.0,Nigeria establishes Army Air Wing with two Huey helicopters,,worldnews
1719653250.0,Mauritania heads to polls as incumbent Ghazouani expected to secure second term,,worldnews
1719651685.0,Google adds 12 Russian minority languages to its translation service,,worldnews
1719650824.0,Court jails 3 brothers for €37m Abloy extortion attempt,,worldnews
1719618870.0,Strong evidence that Ethiopia committed genocide in Tigray war: Report,,worldnews
1719648103.0,Russia bans another 36 New Zealanders from entering borders,,worldnews
1719647185.0,Russia presses its offensive in Ukraine and issues new threats as the West tries to blunt the push,,worldnews
1719644858.0,Tories highly alarmed by network of pro-Russian Facebook pages interfering in UK election,,worldnews
1719644189.0,Russia-linked group claims cyberattack on Japan video site niconico,,worldnews
1719643630.0,"Ukraine hits Russian space communications center in occupied Crimea, military says",,worldnews
1719643280.0,"China-Peru: Boluarte meets Xi Jinping, cooperation advances ""from Chancay to Shanghai""",,worldnews
1719641793.0,Panama court acquits 28 people tied to Panama Papers,,worldnews
1719640005.0,Treason trial of Russian American woman opens amid rising tensions,,worldnews
1719638951.0,"Hunt for Jho Low continues despite his deal with US govt, says Malaysian official",,worldnews
1719637967.0,EU sees rise in deportation rates for non-EU migrants,,worldnews
1719637603.0,Iran's UN Mission threatens that 'obliterating war will ensue' if Israel attacks Lebanon,,worldnews
1719637474.0,"Middle East updates: Iran warns Israel against Lebanon plans – Iran said full involvement would be ""on the table"" if Israel launches a full-scale attack on Lebanon.",,worldnews
1719637371.0,"Wounded and sick children leave besieged Gaza Strip, in first medical evacuation for weeks.",,worldnews
1719637356.0,"Airport canopy collapses, cars float, roads flooded: Delhi sees highest rainfall in 88 years",,worldnews
1719635380.0,"Yen's purchasing power hits all-time low, at one-third of peak",,worldnews
1719633781.0,"/r/WorldNews Live Thread: Russian Invasion of Ukraine Day 856, Part 1 (Thread #1003)",,worldnews
1719632490.0,"Germany logs 830,000 border checks since start of Euro 2024",,worldnews
1719632030.0,"Hard-liner Saeed Jalili leads in early Iran presidential election results, state TV reports",,worldnews
1719631472.0,"Dozens of sick, injured children medically evacuated from Gaza",,worldnews
1719630816.0,"China tells Taiwanese to visit &amp;#x27;in high spirits&amp;#x27;, despite execution threat",,worldnews
1719629437.0,Mongolia's ruling party wins slim majority in election,,worldnews
1719628054.0,"Orbán may meet with Zelenskyy next week, probably in Ukraine",,worldnews
1719627870.0,Israel's top Arab MP says his people 'hunted' over Gaza support,,worldnews
1719625173.0,French elections: PM Attal in final appeal to voters to stop far-right victory,,worldnews
1719624552.0,Somali nationals found on Vavathi handed over to Maldives Immigration,,worldnews
1719623754.0,Bolivia’s leader says the general accused of leading failed coup wanted to take over as president,,worldnews
1719622099.0,US soldier charged in Okinawa for rape of minor,,worldnews
1719619159.0,"Key Food Security Org Finds No Famine In Gaza, Says Previous Assumptions Wrong",,worldnews
1719618611.0,South Korea releases video showing North Korean missile exploding in flight,,worldnews
1719614954.0,Liberal backbencher calls for Trudeau to resign in email to caucus,,worldnews
1719612471.0,"Polish Parliament strips official of immunity, clearing path for prosecution in spyware scandal",,worldnews
1719612239.0,Ukraine May Have Hit Russia's $600 Million S-500 SAM System With ATACMS,,worldnews
1719611258.0,US to send Ukraine air defense missiles in next aid package-officials,,worldnews
1719609707.0,Volodymyr Zelenskyy says he is working on 'comprehensive plan' for peace in Ukraine,,worldnews
1719609223.0,Ancient bone could reveal how Neanderthals cared for a child with Down syndrome,,worldnews
1719607894.0,Panama’s next president wants a deal with US on deporting migrants who cross the perilous Darien Gap,,worldnews
1719607534.0,"New EU sanctions list for Hamas financiers includes front companies based in Spain, Sudan",,worldnews
1719607267.0,"USA invites Armenia, Azerbaijan to upcoming NATO summit",,worldnews
1719606649.0,"High-profile captives, kept in Russian prisons for years, freed in prisoner swap",,worldnews
1719606436.0,North Korea executes man for listening to 70 K-pop songs,,worldnews
1719606432.0,Liberal MP pens letter to caucus calling on Justin Trudeau to resign: ‘We need new leadership’,,worldnews
1719604085.0,Random Apple Pay Charges Affecting iPhone Users in Hungary,,worldnews
1719602832.0,Pakistani parliament denounces US congressional resolution calling for a probe into recent elections,,worldnews
1719602220.0,Kremlin labels new EU chief diplomat ''rabidly Russophobic'' and expects nothing good from new EU leadership ,,worldnews
1719597995.0,French journalist describes India’s permit denial as a ‘slap in the face’ ,,worldnews
1719597846.0,Azerbaijan to hold snap parliamentary election on Sept. 1,,worldnews
1719595867.0,N. Korea ramps up public executions of people distributing S. Korean movies: unification ministry,,worldnews
1719594217.0,Finland sends 24th military aid package to Ukraine | Yle News ,,worldnews
1719594142.0,Top court confirms former Polish PM violated law trying to organise elections in pandemic,,worldnews
1719593203.0,"Russians strike nine-storey building in Dnipro, wounding people",,worldnews
1719591388.0,"IDF kill dozens of terrorists hiding in UNRWA schools, increase attacks in Shejaia",,worldnews
1719587626.0,German court sentences teen over Christmas terror plot,,worldnews
1719586702.0,"Kremlin claims 'provocations' from US drones over Black Sea, prepares potential response",,worldnews
1719586625.0,China urges U.S. to stop supporting the Philippines' 'provocations',,worldnews
1719586612.0,Russia warns of ‘direct confrontation’ with NATO over US Black Sea drones,,worldnews
1719586390.0,Russian historian accused of ‘rehabilitating Nazism’ and ‘insulting the memory’ of Russian servicemen,,worldnews
1719585807.0,Indira Gandhi International Airport: Roof collapse smashes cars in Delhi,,worldnews
1719585497.0,"New Mortality Report Shows Russian War Deaths In Ukraine Exceed 71,000",,worldnews
1719585059.0,"Yen briefly dips past 161, against the dollar to 37-year low, amid intervention talks.",,worldnews
1719584780.0,"Eight months of war have destroyed more than 55% of the structures in Gaza, according to the latest report from the UN Satellite Centre",,worldnews
1719584656.0,Tobacco giant accused of ‘manipulating science’ to attract non-smokers,,worldnews
1719584328.0,"Putin gifted Kim Russian-made luxury car made by company that uses South Korean parts, Reuters says",,worldnews
1719583900.0,Brazil Becomes the Largest Nation to Decriminalize Marijuana,,worldnews
1719583708.0,Polish parliament approves new rape law making sex without consent a crime,,worldnews
1719580672.0,Rishi Sunak speaks of hurt and anger at daughters hearing racial slur from Reform activists,,worldnews
1719580266.0,ANC coalition with DA collapses amid leaked letters and public spats,,worldnews
1719578421.0,Largest Croatian hospital under cyberattack by pro-Russian hackers - Help Net Security,,worldnews
1719577344.0,NGOs seek Dutch export ban for jet parts that may go to Israel,,worldnews
1719576313.0,Microsoft informs customers that Russian hackers spied on emails,,worldnews
1719576302.0,"Russia is losing 1,000 soldiers a day in its relentless 'meat grinder' tactics against Ukraine: report",,worldnews
1719574400.0,PFI wanted to establish Islamic rule in India by 2047: NIA,,worldnews
1719573916.0,Malaysian PM Anwar defends US fund manager BlackRock in face of Israel protests,,worldnews
1719566188.0,"Smotrich: cabinet authorized 5 West Bank outposts, sanctions against PA",,worldnews
1719573307.0,Ukraine war: LGBT troops fight Russians and attitudes at home,,worldnews
1719572842.0,Polish parliament strips opposition MP of immunity over Pegasus spyware purchase,,worldnews
1719571246.0,Heatwave crisis in Pakistan: Over 450 lives lost as Karachi swelters,,worldnews
1719542616.0,China targets Morocco as launchpad into Europe’s green auto market,,worldnews
1719570303.0,Argentina Approves Sweeping Economic Reform Package in the First Week of Zero Inflation,,worldnews
1719569535.0,The Russians May Have Lost An Entire Airborne Brigade In Vovchansk,,worldnews
1719568739.0,"General Staff: Russia has lost 540,490 troops in Ukraine since Feb. 24, 2022",,worldnews
1719568554.0,Firm making car that Putin gifted to Kim uses South Korean parts,,worldnews
1719566502.0,'No Legitimacy': Iranian Students Call for Presidential Poll Boycott,,worldnews
1719566179.0,"Iran's Oil and Gas Workers' Strike Grows: 20,000 Workers, 110 Companies",,worldnews
1719566045.0,"Young democracy of Mongolia, squeezed between authoritarian China and Russia, votes for parliament ",,worldnews
1719565757.0,Mongolia votes in historic election under revamped system ,,worldnews
1719565642.0,Iran Opens Polls for Presidential Election,,worldnews
1719565583.0,Mongolians vote as anger grows over corruption and economy,,worldnews
1719563855.0,"China honours woman who died saving Japanese family
",,worldnews
1719563660.0,South Korea Begins Production of First Batch of 20 KF-21 “Boramae” Fighter Jets,,worldnews
1719563577.0,Reform UK campaigners caught making racist slurs,,worldnews
1719561858.0,"Canada sanctions Israeli extremists, settler groups over violence against Palestinians | The Times of Israel",,worldnews
1719559882.0,"North Korea executed man for listening to K-pop, report from defectors shows",,worldnews
1719559024.0,"Sharp rise in number of climate lawsuits against companies, report says | Climate crisis",,worldnews
1719557157.0,Maldives minister arrested for performing ‘black magic’ on President Muizzu,,worldnews
1719557017.0,Milei’s reforms set to cross finish line in Congress,,worldnews
1719556955.0,"Portugal's António Costa, next president of the European Council",,worldnews
1719556916.0,"Recent Israeli missile test could be drill for strike on Iran, or warning to leaders in Tehran",,worldnews
1719556892.0,Ship attacked in Red Sea in latest maritime assault likely carried out by Yemen's Houthi rebels,,worldnews
1719556500.0,Whistleblower warned Boeing of flaws in 787 planes that could have ‘devastating consequences’,,worldnews
1719556256.0,Kaja Kallas: the Russia-defying Estonian PM poised to lead EU foreign policy,,worldnews
1719552520.0,Netanyahu: 'Iran terror axis on march to conquer Saudi Arabia',,worldnews
1719547904.0,Hajj Tragedy: Inquiry Demanded After 100 Indian Pilgrims Die,,worldnews
1719547698.0,"Lifting the Sanctions of Russian Oligarchs Must Stop, Says Zelenskyy",,worldnews
1719547666.0,President Boluarte: Peru is heading to become first logistics center in South Pacific,,worldnews
1719547465.0,"Zelensky: 'Ukraine doesn't want war to last for years,' looking ahead to 2nd peace summit",,worldnews
1719547378.0,"/r/WorldNews Live Thread: Russian Invasion of Ukraine Day 855, Part 1 (Thread #1002)",,worldnews
1719545190.0,Elderly above 70 years of age will get free treatment under Ayushman Bharat scheme: Indian President Droupadi Murmu,,worldnews
1719544636.0,French far-right leader Bardella vows Ukraine will not be absorbed by 'Russian imperialism',,worldnews
1719544421.0,Japan health ministry looks to eliminate co-payment of childbirth fees ,,worldnews
1719540199.0,Afghan Journalist Denied Asylum in Russia Returns to Kabul,,worldnews
1719535694.0,Taiwan raises China travel alert over death penalty threat - World News,,worldnews
1719532717.0,Georgian parliament gives initial approval to sweeping curbs on LGBT rights,,worldnews
1719535478.0,Anti-tax protestors in Kenya are calling for President Ruto to resign over scrapped bill | Semafor,,worldnews
1719531630.0,Hanwha Aerospace signs contract to supply engines for KF-21 fighter,,worldnews
1719529217.0,"Chinese Communist party expels two ex-defence ministers for corruption, including Li Shangfu, who disappeared from public view along with other senior figures last year.",,worldnews
1719528507.0,Seoul warns Russia over North Korea-supplied weapons,,worldnews
1719525212.0,EU Leaders Pick Von Der Leyen for Fresh Term as Commission Head ,,worldnews
1719522982.0,Classic petrol cars get 'electric' upgrade thanks to UK firm,,worldnews
1719522850.0,Weimar Triangle starts preparing for a standoff with Russia,,worldnews
1719521538.0,"Poland, Germany and Czechia appeal to EC for greater support in hosting Ukrainian refugees",,worldnews
1719521254.0,Russian pranksters fool British Foreign Secretary in fake call,,worldnews
1719520999.0,"Governor: Russia conducted 2,100 attacks on civilian infrastructure in Kharkiv region in 2024 ",,worldnews
1719520572.0,40 rockets fired into northern Israel from Lebanon,,worldnews
1719520352.0,"In Chile, a pro-Palestinian campus occupation turns witch hunt for ‘Zionist’ faculty",,worldnews
1719519736.0,The U.S. readies to evacuate Americans from Lebanon if fighting between Israel and Hezbollah intensifies,,worldnews
1719519444.0,US journalist Evan Gershkovich goes on trial for espionage charges in Russia,,worldnews
1719518659.0,Israel in talks to transfer up to 8 Patriots to Ukraine - report - I24NEWS,,worldnews
1719518613.0,"Ten thousand recently naturalized Russian citizens drafted, sent to war in Ukraine, official says",,worldnews
1719517507.0,US and Israel reportedly resolved weapon shipment problems,,worldnews
1719516616.0,"
British Columbia investigates claims that energy company ‘dramatically’ influenced climate policy",,worldnews
1719515853.0,"FT: Ukraine, US, Israel in talks to send up to 8 Patriot systems to Kyiv",,worldnews
1719515692.0,Iranian Dissident Escapes Assassination Attempt in Netherlands ,,worldnews
1719515269.0,"Russian, Congolese leaders hold talks in Moscow
",,worldnews
1719514372.0,Nicaragua’s Daniel Ortega establishes diplomatic ties with the Taliban ,,worldnews
1719511249.0,"Another Russian satellite broke apart in orbit, leaving pile of junk ",,worldnews
1719511184.0,ICC allows UK to submit arguments on jurisdiction over Israelis in Gaza case,,worldnews
1719510560.0,Australia commits humanitarian aid for Horn of Africa,,worldnews
1719509261.0,Ex-PM Bennett urges Israelis not to leave as economy struggles,,worldnews
1719509560.0,Indian regulator says 36% of inspected drug-making units had to be shut,,worldnews
1719509281.0,"EU set to reimpose tariffs on Ukraine, a potential sign of tough talks ahead",,worldnews
1719509177.0,US and Switzerland to exchange data to track tax dodgers | The two countries plan to exchange financial data from 2027 to help both sides track down tax evaders.,,worldnews
1719497842.0,Extreme-right and radical Islamic groups banned in France,,worldnews
1719508586.0,Former heads of Bolivia’s army and navy arrested over failed coup,,worldnews
1719508019.0,Polish Left suspends MP for launching initiative with right-wing colleague,,worldnews
1719507197.0,Italian PM criticised by opposition after fascist chants by party’s youth wing | Italy,,worldnews
1719506966.0,"EU, Ukraine to sign bilateral security agreement",,worldnews
1719505615.0,Junior doctors begin 11th strike in England,,worldnews
1719505140.0,Uygur group wins appeal over UK probe into ‘slave labour’ cotton from China’s Xinjiang,,worldnews
1719504868.0,Germany: Net immigration sinks sharply in 2023,,worldnews
1719504297.0,Police seize coconuts and arrest protesters outside court appearance of woman charged over placard,,worldnews
1719503455.0,Two candidates drop out of Iran's presidential race,,worldnews
1719503429.0,North Korea claims successful multiwarhead missile test,,worldnews
1719503409.0,Preparing for action in Iran? IAF practices strikes on distant targets – www.israelhayom.com,,worldnews
1719503329.0,UN World Food Program decries looting and burning of its warehouse in western Myanmar combat zone,,worldnews
1719503320.0,"Israel’s ‘greatest generation’ will lead it from the ashes of Oct 7 to 50 years of prosperity, says former PM Bennett",,worldnews
1719503166.0,"Experts warn that 755,000 people at risk of famine in the coming months in war-torn Sudan",,worldnews
1719503080.0,"Thailand is now the Myanmar junta’s favored banking destination as military attacks ramp up, UN expert says",,worldnews
1719503001.0,Iran's only moderate presidential candidate takes surprise poll lead,,worldnews
1719502202.0,Israel strikes reportedly creating 5-kilometer ‘dead zone’ in southern Lebanon,,worldnews
1719501446.0,ISS astronauts take shelter in Boeing Starliner and other return spacecraft after June 26 satellite breakup,,worldnews
1719500420.0,Gen. Wayne Eyre says he has no idea who's replacing him as top military commander | CBC News,,worldnews
1719500158.0,New Zealand Air Force make major medical evacuation flight from Antarctica. Land on ice runway in winter darkness to evacuate USA patient.,,worldnews
1719499466.0,White House admits Israel not to blame for aid failing to reach Gazans,,worldnews
1719498643.0,"Chinese smuggled into Italy in luxury cars, police say",,worldnews
1719498462.0,Support for Farage’s Reform UK party drops after Ukraine comments,,worldnews
1719497825.0,Prime Minister: EU allocates €1.9 billion to support Ukraine ,,worldnews
1719497352.0,Pope announces new solar plant to make Vatican City run solely on renewables,,worldnews
1719496403.0,Le Pen threatens to challenge Macron's army powers,,worldnews
1719495584.0,"Families flee as Sudan's RSF advances on Sennar city, residents say",,worldnews
1719495118.0,"One person in England has died linked to an ongoing E. coli outbreak, UK Health Security Agency says",,worldnews
1719495018.0,Tiny algae-made robots treat inflammatory bowel disease without drug,,worldnews
1719494521.0,"China: World’s 1st carbon fiber train burns less energy, hits 87 mph",,worldnews
1719494427.0,"In a first, China accuses former defence ministers Li Shangfu and Wei Fenghe of corruption",,worldnews
1719494371.0,China’s Chang’e-6 lunar probe returns world’s first samples from far side of the moon | China,,worldnews
1719494264.0,"Sharp rise in number of climate lawsuits against companies, report says",,worldnews
1719493849.0,"Germany has returned 4,600 illegal border crossers to Poland this year, half of them Ukrainians",,worldnews
1719491071.0,"Russian satellite blasts debris in space, forces ISS astronauts to shelter",,worldnews
1719493599.0,EU countries agree sanctions on Belarus to plug 'biggest loophole' in Russian measures,,worldnews
1719493578.0,"France saw a rise in all types of racism in 2023, report says",,worldnews
1719493367.0,This mass bleaching event is the worst on record. Now scientists are hoping for hurricanes,,worldnews
1719493179.0,Evidence mounts Islamic State is looking to the US southern border,,worldnews
1719492759.0,"Russia considering downgrading relations with the West, the Kremlin says",,worldnews
1719492677.0,Timor-Leste grants Philippines' request for Arnie Teves extradition,,worldnews
1719491226.0,3 women charged with organising procession to Singapore president's official residence in support of Palestinian cause,,worldnews
1719490025.0,Russia Loses Last Black Sea Missile Ship – Putin Demands Better Protection,,worldnews
1719489429.0,"Amnesty Int'l slams Argentina's ‘regressive’ turn on gender, environmental issues",,worldnews
1719488322.0,"Russian occupation authorities destroy UNESCO World Heritage site, build outdoor theater in its place",,worldnews
1719488131.0,"France saw a rise in all types of racism in 2023, report says",,worldnews
1719486899.0,China expels ousted defense chiefs in corruption crackdown,,worldnews
1719486366.0,Ship attacked in Red Sea in latest maritime assault likely carried out by Yemen’s Houthi rebels,,worldnews
1719474732.0,Putin Complains that No One Will Help Russia in War on Ukraine,,worldnews
1719483622.0,"Coup attempt fails, general arrested after Bolivian leader urges public to defend democracy",,worldnews
1719483046.0,Taiwan warns against travel to China after execution threat,,worldnews
1719482433.0,Israel threatens to 'take Lebanon back to the stone age',,worldnews
1719482203.0,Canada ends cod moratorium in Newfoundland after more than 30 years,,worldnews
1719482124.0,Taiwan warns against travel to China after execution threat,,worldnews
1719481290.0,Modi to Visit Russia for First Time Since Invasion of Ukraine,,worldnews
1719480249.0,Baltic states and Poland call on EU to build defence line along Russian border,,worldnews
1719480113.0,North Korea claims successful test to develop multiple warhead missile,,worldnews
1719479143.0,"BBC tracks down man behind Channel crossing which killed Sara, 7",,worldnews
1719478921.0,French Jews caught between extremes in polarising snap election ,,worldnews
1719470978.0,South Korean doctors go on indefinite strike,,worldnews
1719476565.0,"Russian hackers behind UK infrastructure attack are part of Kremlin-protected cyber army
",,worldnews
1719472812.0,Bolivian police arrest leader of apparent coup attempt,,worldnews
1719470815.0,Ukrainian air defenders shoot down nearly all Russian targets attacking Ukraine overnight,,worldnews
1719468642.0,IDF says 16% of Gaza buildings destroyed; disputes higher UN figures ,,worldnews
1719467346.0,Pentagon head speaks with Russian counterpart for first time in a year,,worldnews
1719466674.0,Soldiers storm Bolivian presidential palace in coup attempt,,worldnews
1719464963.0,US flags 'some concerns' over India-Russia engagement in military & technology domains,,worldnews
1719463715.0,"Egypt, UAE prepared to participate in post-war Gaza security force -- officials",,worldnews
1719463380.0,Russia summons the American ambassador over a deadly attack that Moscow says used US-made missilesy,,worldnews
1719463348.0,Israel allies warn against Gaza war spreading to Lebanon,,worldnews
1719463164.0,Harrowing torture: Ukrainian prisoners suffer severe abuse in Russian captivity,,worldnews
1719463113.0,Over 400 migrants brought to the U.S. by an ISIS-affiliated smuggling network,,worldnews
1719463050.0,"Apple to delay launch of AI-powered features in Europe, blames EU tech rules",,worldnews
1719461038.0,"Russia has nuclear advances for an AI era, top arms control diplomat says",,worldnews
1719460954.0,"/r/WorldNews Live Thread: Russian Invasion of Ukraine Day 854, Part 1 (Thread #1001)",,worldnews
1719457625.0,New German Citizenship Law Requires Applicants to Declare Israel's 'Right to Exist',,worldnews
1719457559.0,South Korea says apparent North Korean hypersonic missile test ends in mid-air explosion,,worldnews
1719457010.0,NATO's deputy chief says Iran helping Russian 'threat to European security',,worldnews
1719456859.0,"Japan, U.S., South Korea to boost supply chains for industrial minerals",,worldnews
1719455466.0,"Western German state to allow up to 3,000 cannabis clubs",,worldnews
1719454180.0,Taiwan donating US$1.2m to Kyiv through Estonia,,worldnews
1719451059.0,Pentagon to monitor possible movement of DPRK military to Ukraine,,worldnews
1719451697.0,US nuclear submarine surfaces off Norway in rare flex,,worldnews
1719450755.0,US Trafficking in Persons report says Cambodian officials complicit in human trafficking for online scams,,worldnews
1719449700.0,"China’s Financial Elite Face $400,000 Pay Caps, Bonus Clawbacks",,worldnews
1719448650.0,Explosion of hate: State Department report details global rise in antisemitism post October 7,,worldnews
1719447940.0,Joveva elected vice president of liberal group in European parliament.,,worldnews
1719447805.0,Netanyahu: Allowing PA to collapse not in Israel's interest - report,,worldnews
1719445629.0,Bolivia Arrests Former Army General Who Led a Coup Attempt,,worldnews
1719445343.0,$100m assets linked to 1MDB to be returned to Malaysia,,worldnews
1719427068.0,Ex-president of Honduras sentenced to 45 years in US prison for drug trafficking,,worldnews
1719436525.0,"King Charles welcomes Japanese emperor, empress on state visit",,worldnews
1719435791.0,Israel responds to UN war crimes claim: ‘Large parts of Gaza converted to combat sites’,,worldnews
1719435438.0,Ukrainian Infantry Counterattacks Grind Forward on Northern Kharkiv Battlefield,,worldnews
1719435301.0,Cyberattacks force ‘hundreds’ of car dealers offline in Canada as thousands hit in U.S. - National | Globalnews.ca,,worldnews
1719434253.0,Investors join forces to push for policy action on nature loss,,worldnews
1719433771.0,Russian national indicted for role in cyberattacks on Ukraine,,worldnews
1719433227.0,Bolivia Presidential Palace Stormed in Apparent Coup Attempt,,worldnews
1719431266.0,Bolivia's president slams 'irregular mobilization' of army units,,worldnews
1719431064.0,U.S. and Japan agree to tighter sanctions,,worldnews
1719427665.0,Russia says it is working on a big treaty with Iran,,worldnews
1719427331.0,"Antisemitic incidents in Germany, from graffiti to attempted arson, rose around 83% last year, watchdog RIAS said on Tuesday, surging after the Hamas-led attack on Israel on Oct. 7 and Israel's military offensive in the Gaza Strip",,worldnews
1719427139.0,ICC convicts al-Qaida-linked leader of war crimes in Mali,,worldnews
1719425417.0,"Kenya's President Ruto scraps controversial tax bill after huge protests, 21 dead | Semafor",,worldnews
1719425310.0,Australia border force questions three citizens suspected of trying to serve with IDF,,worldnews
1719425175.0,French court upholds arrest warrant for Syria’s Assad,,worldnews
1719420839.0,US diplomat found dead in Kyiv hotel—report,,worldnews
1719419867.0,"Australians endure ""longest recession since records began""",,worldnews
1719423591.0,Warnings over lethal and contagious strain of monkeypox as children in eastern Democratic Republic of the Congo die,,worldnews
1719423199.0,South Africa's ANC and DA in final tense negotiations over minister roles - sources | Semafor,,worldnews
1719421505.0,Polish PM Tusk confirms previous government’s “mega-airport” project will continue,,worldnews
1719421088.0,Kenya finance bill protests: Thirteen reported killed in Nairobi - BBC News ,,worldnews
1719420619.0,The mediation efforts undertaken by the country succeeded in completing an exchange that included 180 prisoners of war between Russia and Ukraine. ,,worldnews
1719419639.0,US: Hamas formally rejected hostage deal,,worldnews
1719418184.0,"Philippines, Bangladesh push Asian migrant numbers to record high",,worldnews
1719418054.0,Zelenskyy approves creation of Unmanned Systems Forces within Armed Forces of Ukraine ,,worldnews
1719415012.0,Pyongyang Says It Will Send Troops to Ukraine Within a Month,,worldnews
1719414328.0,UN annual drug report says marijuana legalization may shrink illicit market and notes emergence of 'psychedelic renaissance',,worldnews
1719413920.0,"US efforts to sanction Russia, Iran hampered by desire to keep gas prices low, sources tell WSJ",,worldnews
1719413319.0,Mainland Chinese and Taiwanese coastguards in tense stand-off near Quemoy,,worldnews
1719412564.0,Dutch foreign ministry calls in Israeli ambassador over ICC spying claims,,worldnews
1719411400.0,Various Iraqi Armed Factions Consider Support Of Hezbollah Should War Erupt Between It And Israel,,worldnews
1719410615.0,Polish defence minister criticises removal of Polish wartime heroes at WW2 museum,,worldnews
1719409681.0,Saudi Arabia Set to Become World’s Biggest Construction Market,,worldnews
1719409668.0,The death toll rises to 22 a day after Kenyan protesters stormed parliament over plan to raise taxes,,worldnews
1719409195.0,Denmark to target flatulent livestock with tax in bid to fight climate change,,worldnews
1719408599.0,Indonesia won't pay $8M ransom in data center attack that disrupted major public services,,worldnews
1719407233.0,Hungary blocks joint EU statement denouncing Russia's media ban,,worldnews
1719407003.0,"Ukrainian army blocks Russian troops at Aggregate Plant in Vovchansk, Kharkiv Oblast",,worldnews
1719406851.0,Macron's election gamble puts French democracy on the table,,worldnews
1719406185.0,Erdogan says Turkey stands with Lebanon as tensions rise with Israel,,worldnews
1719395038.0,"India exports rockets, explosives to Israel amid Gaza war, documents reveal: As New Delhi attempts to walk a diplomatic tightrope, documents seen by Al Jazeera and company statements suggest Israel is receiving Indian weapons as it wages war on Gaza.",,worldnews
1719405498.0,"Honor’s latest AI Features aim to Identify Deepfakes and Prevent eye stain
",,worldnews
1719405273.0,"North Korean troops will become 'cannon fodder' if they aid Russia in Ukraine, Pentagon says",,worldnews
1719404498.0,Salisbury Reform UK candidate defends calling Putin 'very good',,worldnews
1719404460.0,Afghan women protest exclusion from upcoming UN meeting in Doha,,worldnews
1719404269.0,Childbirths in S. Korea rise for first time in 19 months,,worldnews
1719404025.0,Italy's Meloni says EU top jobs deal ignores voters' wishes,,worldnews
1719402296.0,"'Ignoring extremism': AFP drops probe into Sydney bakery that shared 'horrifying' Hamas-themed children's birthday cake, sparking outrage from Jewish community",,worldnews
1719401504.0,Ukraine’s sea drones display new capability to shoot down helicopters,,worldnews
1719401481.0,"As Israel and Hezbollah inch toward war, Canada braces for a repeat of the 2006 evacuation",,worldnews
1719400515.0,ICC convicts Mali Islamist for Timbuktu atrocities,,worldnews
1719399632.0,Russia Opens Secret Trial of U.S. Reporter Accused of Espionage,,worldnews
1719396746.0,Julian Assange lands back home in Australia after Pleading Guilty in US court,,worldnews
1719396062.0,Italy’s Meloni denounces ‘ideological madness’ of EU ban on gas and diesel cars,,worldnews
1719395578.0,Dutch PM Rutte will be NATO’s next secretary general,,worldnews
1719392909.0,Japanese scientists have found a way to attach living skin to robot faces,,worldnews
1719391325.0,IDF: Slain Gazan named as Doctors Without Borders staffer was Islamic Jihad rocket maker,,worldnews
1719391124.0,Espionage trial of US journalist Evan Gershkovich begins behind closed doors ,,worldnews
1719390349.0,China rejects U.S. envoy's comment that it hinders people-to-people exchanges,,worldnews
1719389793.0,"Myanmar junta still able to access weapons and money overseas, says UN expert",,worldnews
1719388482.0,"High risk of famine persists across Gaza, global hunger monitor says",,worldnews
1719388410.0,Mongolians to vote in poll dominated by corruption worries ,,worldnews
1719388292.0,S.Korea Aerospace Secures $1.41B to Ramp Up Production of KF-21 Boramae Fighter,,worldnews
1719387701.0,"As Iran’s presidential vote looms, tensions boil over renewed headscarf crackdown",,worldnews
1719384888.0,China opposes EU’s ‘unilateral sanctions’ on firms with links to Russia’s war in Ukraine,,worldnews
1719384766.0,PM says S. Korea not at stage to consider nuclear armament 'for now' ,,worldnews
1719384362.0,UN warns of overdose deaths after Afghan opium production plummets,,worldnews
1719383349.0,Kenya’s president calls protests ‘treasonous’ after police fire live rounds at demonstrators | CNN,,worldnews
1719381502.0,U.S. journalist Evan Gershkovich's espionage trial in Russia begins,,worldnews
1719381114.0,WHO: Nearly 1.8 billion people at risk due to inactivity – DW,,worldnews
1719380683.0,"/r/WorldNews Live Thread: Russian Invasion of Ukraine Day 853, Part 1 (Thread #1000)",,worldnews
1719379791.0,"Canada's Liberals suffer major upset in Toronto special election, raising doubts about Trudeau",,worldnews
1719377745.0,Apple supplier Foxconn rejects married women from India iPhone jobs.,,worldnews
1719377078.0,Microbes cling on to International Space Station - here's why astronauts are trying to collect them,,worldnews
1719376134.0,Man charged under HK's new Security Law over 'seditious' bus graffiti,,worldnews
1719374322.0,South Korean authorities order battery maker to halt operations over deadly blaze,,worldnews
1719373942.0,"Israel grounds F-16 squadron for failing to follow proper maintenance, target deconfliction procedures, multiple incorrect targets hit (no casualties reported). ",,worldnews
1719371877.0,Argentina enters technical recession as job losses mount under Milei,,worldnews
1719373303.0,"Ethiopian militias invade Sudanese territory, escalating violence and looting",,worldnews
1719371572.0,Russia sends coal to India via Iran by train for first time,,worldnews
1719371390.0,"North Korea’s latest missile test appears to have failed, South Korean military says",,worldnews
1719367759.0,"Children are dying of starvation in their parents’ arms as famine spreads through Gaza
",,worldnews
1719364235.0,Russia drops new deadly 3000kg glide bomb as hopes for Ukraine ceasefire snag,,worldnews
1719362458.0,5 killed as Kenyan police crack down on tax protests; Parliament set afire,,worldnews
1719359659.0,WikiLeaks founder Julian Assange pleads guilty to conspiracy after 5 years in prison,,worldnews
1719358141.0,Six top opposition parties in Georgia have agreed to work together during nationwide elections in October to try to topple the ruling Georgian Dream party which they say has derailed the country’s bid to join the EU,,worldnews
1719354916.0,Somalia accuses Ethiopian troops of 'illegal' incursion,,worldnews
1719354510.0,Putin Ally’s Kids Suspected in Synagogue Shooting Massacre,,worldnews
1719353968.0,Brazil’s Supreme Court decriminalizes possession of marijuana for personal use,,worldnews
1719353608.0,International Criminal Court issues war crimes arrest warrants for Russia’s Shoigu and Gerasimov,,worldnews
1719353556.0,"Police, firefighters respond to suspected arson near Hebrew University in Jerusalem",,worldnews
1719350011.0,Russia sentences 15-year-old schoolboy to 5 years for criticizing Putin regime and war against Ukraine,,worldnews
1719349823.0,"Russia, Ukraine each return 90 prisoners of war",,worldnews
1719348898.0,N. Korea fires ballistic missile toward East Sea: S. Korean military | Yonhap News Agency,,worldnews
1719348799.0,Brazil top court majority says marijuana possession not a crime,,worldnews
1719348328.0,Hamas leader says a deal with no end to war ‘is not an agreement’,,worldnews
1719348238.0,'Much-needed relief': Kenyan police force arrives in Haiti for UN-backed security mission,,worldnews
1719346515.0,Ukraine Destroys 120 Drones in Strike on Russian UAV Training Center,,worldnews
1719345394.0,Ex-Swiss minister Berset takes Council of Europe top job,,worldnews
1719345349.0,President Erdogan commends Slovenia's recognition of Palestine,,worldnews
1719345206.0,"Norway starts stockpiling grain again, citing the pandemic, war and climate change",,worldnews
1719343787.0,"With focus on Ukraine, Putin relegates the escalation of terrorist acts in Russia to the background ",,worldnews
1719343640.0,UN tells Israel it will suspend aid operations across Gaza without improved safety,,worldnews
1719342155.0,"Scientists identify new Antarctic ice sheet ‘tipping point,’ warning future sea level rise may be underestimated",,worldnews
1719341739.0,"Apple to introduce new Vision Pro variants amid mixed reception, says Mark Gurman
",,worldnews
1719341546.0,"The Tribune exclusive: Eyeing stronger ties, PM Modi to visit Moscow on July 8",,worldnews
1719328536.0,"PM meets Chinese business execs, seeks investment in Vietnam rail sector",,worldnews
1719340122.0,Canada urges citizens to leave Lebanon over 'volatile' security situation | CBC News,,worldnews
1719338584.0,Taiwan's Foxconn rejects married women from India iPhone jobs,,worldnews
1719337615.0,Germany: Annual discrimination report logs 22% rise in cases,,worldnews
1719335597.0,"ICC issues arrest warrants for Russia’s former Defense Minister Shoigu, leading army general Gerasimov ",,worldnews
1719335171.0,"Iran's supreme leader warns sole reformist in presidential race, while calling for 'maximum' turnout",,worldnews
1719335147.0,Ukraine and Moldova set to begin EU membership talks,,worldnews
1719334908.0,"Scientists identify new Antarctic ice sheet ‘tipping point,’ warning future sea level rise may be underestimated",,worldnews
1719333803.0,"India, US discussing co-production of Javelin anti-tank missiles",,worldnews
1719333715.0,Emmanuel Macron warns of 'civil war' if far-right or far-left win French elections,,worldnews
1719333530.0,China makes history with first-ever samples from the moon’s far side,,worldnews
1719332969.0,Kharkiv Mayor urges UN to protect Kharkiv region from Russian attacks ,,worldnews
1719332903.0,Far-right National Rally promises to bar dual nationals from some state jobs in France,,worldnews
1719332851.0,"Azerbaijan, Turkmenistan intend to boost multimodal transportation to Europe, China",,worldnews
1719317000.0,Edinburgh shelves Taiwan friendship deal over China sanctions fear,,worldnews
1719331476.0,"Dagestan political elite to be vetted for links to radical Islam after synagogue, church shootings",,worldnews
1719331074.0,Germany finds population less than previously thought,,worldnews
1719330648.0,"800 Ukrainian Children Rescued out of 20,000 Abducted by Russia",,worldnews
1719329552.0,"Russia Tortured Ukrainians in Crimea, Human Rights Court Rules",,worldnews
1719329097.0,EU and Ukraine officially start membership negotiations,,worldnews
1719328654.0,Gantz: We can destroy Hezbollah’s military in days,,worldnews
1719328162.0,IDPs in Mogadishu have to choose between caring for sick children and working,,worldnews
1719327821.0,Over 200 million metric tons of rare metals found near remote Tokyo island,,worldnews
1719327345.0,City of Sydney could tear up contracts with suppliers targeted by boycott Israel campaign,,worldnews
1719327182.0,First ever rocks from the Moon’s far side have landed on Earth,,worldnews
1719327150.0,Netherlands Extends Legal Cannabis to Eight New Cities,,worldnews
1719327014.0,"Russia bans dozens of European news outlets, accusing them of 'systematically distributing inaccurate information' about war in Ukraine",,worldnews
1719325532.0,Count Binface challenges U.K. Prime Minister Rishi Sunak for Parliament seat,,worldnews
1719324353.0,"Polish defense minister asks France, Germany for help at border with Belarus",,worldnews
1719323588.0,Brazilian Supreme Court justice accuses bishops of ‘disinformation’ on marijuana debate,,worldnews
1719322664.0,Israel will consider the sale of additional weapon systems to Azerbaijan,,worldnews
1719322490.0,Part of Kenya’s parliament on fire as thousands of protesters enter,,worldnews
1719321931.0,US sent message to Hezbollah that it won’t be able to rein in Israel — report,,worldnews
1719321898.0,U.S. to help print textbooks for Ukrainian students after Russians destroyed printing house in Kharkiv ,,worldnews
1719321005.0,"'Local rebellion': Gazans attempt to stop Hamas from firing at Israel, IDF source says",,worldnews
1719319303.0,Nato fears £850 drones could take out some of its most powerful weapons,,worldnews
1719318597.0,"European banks leaving Russia would hurt Western and Russian companies, Kremlin says",,worldnews
1719318506.0,"Zelenskyy fires top Ukrainian commander after claims his soldiers suffered heavy losses
",,worldnews
1719315382.0,"International Criminal Court Issues Arrest Warrants for Shoigu, Gerasimov",,worldnews
1719314961.0,South Korean military says 350 waste balloons detected from North Korea overnight as tensions flare,,worldnews
1719314116.0,ECHR finds Russia guilty of human rights violations in Crimea ,,worldnews
1719313686.0,Indonesia won’t pay an $8 million ransom after a cyberattack compromised its national data center,,worldnews
1719313589.0,Situation in Ukraine: ICC judges issue arrest warrants against Sergei Kuzhugetovich Shoigu and Valery Vasilyevich Gerasimov,,worldnews
1719313013.0,"Iran's Supreme Leader Ali Khamenei has advised judges in Iran against referencing the ""basics of Western human rights"" in their rulings",,worldnews
1719312233.0,"With another setback for cease-fire talks, worries of full-scale war for Israel and Lebanon escalate",,worldnews
1719311592.0,Lesley Muturi: Justin Muturi's Son Allegedly Kidnapped by Police over His Stand on Finance Bill 2024 Read more: ,,worldnews
1719310109.0,"Ukraine set for symbolic start of EU membership talks, along with Moldova",,worldnews
1719309585.0,Hamas chief’s sister killed in Israeli strike ,,worldnews
1719309013.0,"Israeli airstrikes kill at least 24 in Gaza City, say Gaza officials",,worldnews
1719308786.0,Conservatives win longtime Liberal stronghold Toronto-St. Paul's in shock byelection result,,worldnews
1719308143.0,"Frequency and magnitude of extreme wildfires have doubled in last 20 years, new study finds | In addition, the six most extreme years for these escalated wildfires have occurred since 2017",,worldnews
1719297352.0,World first epilepsy device fitted in UK boy's skull,,worldnews
1719304731.0,Delhi Police Deploys Water Cannons on Water Shortage Protesters,,worldnews
1719304529.0,Israeli supreme court says ultra-Orthodox must serve in military,,worldnews
1719303924.0,Survivors of Hamas massacre sue UNRWA: 'An UNRWA teacher held me hostage',,worldnews
1719303806.0,South Korea slams North Korea’s fresh trash balloon launches and threatens loudspeaker broadcasts,,worldnews
1719303570.0,Zelenskyy: Russian army drops about 700 glide bombs on Kharkiv region since beginning of June ,,worldnews
1719302478.0,US to Hezbollah: Don’t count on us to stop an Israeli attack - POLITICO,,worldnews
1719301324.0,Tokyo Marathon Will Recognize Non-Binary Runners Starting in 2025,,worldnews
1719300597.0,Japan’s tourism is a victim of its own success ,,worldnews
1719299063.0,China’s Chang’e-6 moon mission returns to Earth with historic far side samples,,worldnews
1719298924.0,China space probe returns with rare Moon rocks,,worldnews
1719298803.0,North Korea sends more trash balloons to South: JCS,,worldnews
1719298692.0,Redeploying tactical nuclear weapons to S. Korea could strengthen nuclear umbrella against Russia-N.K. threats: Bolton,,worldnews
1719298680.0,Australia to ban the sale of vapes outside of pharmacies,,worldnews
1719298637.0,Korea urged to bring down high inheritance tax rate,,worldnews
1719298605.0,"Yoon denounces defense treaty between N. Korea, Russia as 'anachronistic'",,worldnews
1719297097.0,"Kenyan police are leaving for a controversial deployment in Haiti to take on powerful, violent gangs | AP News",,worldnews
1719296283.0,"Churches in Israel protest property tax demand, calling it a 'coordinated attack on Christian presence’",,worldnews
1719282789.0,Bird flu spreads to tenth Australian poultry farm,,worldnews
1719290181.0,Kenya: Concerns over missing protesters as country erupts in tax hike demonstrations,,worldnews
1719291467.0,Dagestan attack toll hits 20 as Russia launches terror probe,,worldnews
1719293726.0,Afghan girls accuse Taliban of sexual assault after arrests for ‘bad hijab’,,worldnews
1719293700.0,Egypt temporarily extends daily power cuts to three hours | Reuters,,worldnews
1719293205.0,"New horrific footage shows kidnapping of Hersh Goldberg-Polin, Or Levy and Eliya Cohen by Hamas terrorists on Oct 7",,worldnews
1719292972.0,‘The grey zone’: how Hamas-linked journalists are viewed as legitimate targets,,worldnews
1719291754.0,"Risk of all-out Middle East war grows daily, German minister warns",,worldnews
1719290875.0,"Iran liable to join fight if Israel takes on Hezbollah, US warns",,worldnews
1719290823.0,China’s 'monster ship' spotted near Ayungin Shoal —AFP,,worldnews
1719290556.0,Fresh unrest erupts in French territory of New Caledonia,,worldnews
1719290116.0,"After Hezbollah, Turkey’s Fidan warns Cyprus to ‘stay away’ from Israel's wars",,worldnews
1719290087.0,Kenya force deployed to Haiti to tackle gang violence,,worldnews
1719288398.0,Scientists reveal new species of horned dinosaur that roamed northern U.S.,,worldnews
1719288163.0,"/r/WorldNews Live Thread: Russian Invasion of Ukraine Day 853, Part 1 (Thread #999)",,worldnews
1719287570.0,Niger on Monday confirmed one of the world's biggest uranium mines had returned to public control after revoking the operating license of French nuclear fuel producer Orano,,worldnews
1719287432.0,US says Japan still has work to do in combating human trafficking,,worldnews
1719283902.0,"Israeli, Arab officials say Netanyahu support for ‘partial’ deal harms hostage talks",,worldnews
1719283198.0,U.S. ambassador acknowledges Israel's frustration over weapon deliveries - I24NEWS,,worldnews
1719282894.0,"Moscow expects to sign new co-operation pact with Iran in 'very near future', RIA reports",,worldnews
1719282433.0,44% of German adult cannabis consumers plan to join a social club,,worldnews
1719282344.0,Yemen’s Houthi rebels target ship in the Gulf of Aden as the Eisenhower aircraft carrier heads home,,worldnews
1719282039.0,Argentina enters technical recession as job losses mount under Milei,,worldnews
1719280023.0,US is expected to send Ukraine $150 million more in munitions to fight off Russia's attacks,,worldnews
1719279167.0,Putin says ties with N. Korea raised to 'unprecedentedly high level' in thank-you message to Kim ,,worldnews
1719279139.0,French President Emmanuel Macron warns of ‘civil war’ if far left or far right wins,,worldnews
1719277629.0,US court sentences Haiti ex-gang leader to 35 years in prison,,worldnews
1719276665.0,UK ‘tried to suppress criticism’ of alleged UAE role in arming Sudan’s RSF militia,,worldnews
1719275801.0,"Leader of NATO member Poland visits China, talks to Xi about Ukraine, peace and trade",,worldnews
1719271438.0,A fire at a lithium battery factory in South Korea kills 22 mostly Chinese migrant workers,,worldnews
1719270194.0,"Julian Assange has reached a plea deal with the U.S., allowing him to go free",,worldnews
1719262428.0,US argues continued Israeli military engagement in Gaza ‘makes Israel weaker,,worldnews
1719260365.0,Kenya finally deploys police to Haiti amid protests at home | Semafor,,worldnews
1719219512.0,Over 300 Russian Soldiers Surrender to Ukraine's 'I Want to Live' Project,,worldnews
1719258624.0,Congolese President visits Moscow in bid to deepen ties,,worldnews
1719258366.0,Kenya's Ruto Bids Ceremonial Farewell To Haiti-bound Police,,worldnews
1719258034.0,Poland to Produce 180 K2 Tanks under License from South Korea,,worldnews
1719257559.0,"Israel strikes kill at least 11 in Gaza, tanks push further into Rafah",,worldnews
1719257296.0,Top United Nations health official calls on countries to replace war on drugs with 'alternative regulatory approaches',,worldnews
1719256790.0,Ukraine's Zelenskiy replaces commander of joint forces,,worldnews
1719256371.0,Eight Die in Fire at Russian Electronics Research Institute Near Moscow,,worldnews
1719254814.0,Indonesia's national data center encrypted with LockBit ransomware variant,,worldnews
1719250627.0,"India, US discussing co-production of Javelin anti-tank missiles",,worldnews
1719250183.0,29 tourist deaths trigger alarm bells in Medellín ,,worldnews
1719249030.0,"Ukraine destroyed columns of waiting Russian troops as soon as it was allowed to strike across the border, commander says",,worldnews
1719248106.0,Germany: AfD's Höcke in court over second use of Nazi slogan,,worldnews
1719247147.0,"EU bypasses Hungary to send €1.4 billion to Ukraine, Borrell says",,worldnews
1719246185.0,"Russia started Berlin factory fire as part of hybrid war on Europe, report says",,worldnews
1719245890.0,Israeli far-right Finance minister speaks of effort to annex West Bank - “My life’s mission is to thwart the establishment of a Palestinian state.”,,worldnews
1719243593.0,EU Council announces 14th round of sanctions against Russia,,worldnews
1719242246.0,Russia summons the American ambassador over a deadly attack that Moscow says used US-made missiles,,worldnews
1719242006.0,"Malaysia detains 8 terror suspects, foiling possible threats against prime minister, king and others",,worldnews
1719241599.0,Former Israeli Ambassador says India may be ‘returning the favour’ with military supplies for Israel,,worldnews
1719234954.0,Israeli documents show expansive government effort to shape US discourse around Gaza war,,worldnews
1719241372.0,Iran and Bahrain agree to talk about how they might resume diplomatic relations severed since 2016,,worldnews
1719240629.0,Kazakhstan emerges as a key destination for Chinese tourists this summer,,worldnews
1719239951.0,"FDI to India Drops by 43% in 2023, Ranked 15th Globally: UNCTAD",,worldnews
1719239804.0,Netanyahu: Israeli forces will head north as Rafah winds down,,worldnews
1719239706.0,Canada ambassador to China raises human rights concerns during visit to Xinjiang Uyghur region,,worldnews
1719239669.0,"Submarine affair investigation: Netanyahu created security risk, harmed foreign relations",,worldnews
1719238280.0,Ukraine reports increase in Russian chemical weapon attacks on battlefield,,worldnews
1719237600.0,Foreign Minister calls on EU to expedite military assistance to Ukraine ,,worldnews
1719236899.0,"Japan Slaps Sanctions Also on Chinese, Indian Firms",,worldnews
1719236253.0,Southern China hit by floods as north suffers from drought,,worldnews
1719236073.0,"Lebanon holds tour of airport to prove there is no Hezbollah weapons stockpile, but denies entry to air cargo center",,worldnews
1719235694.0,The Russian division of the Bank of China has suspended operations with Russian lenders sanctioned by the United States in order to avoid being hit with secondary sanctions,,worldnews
1719235303.0,Kremlin Warns US of 'Consequences' After Crimea Strike,,worldnews
1719234488.0,Polish president discusses Ukraine war and Belarus border crisis with Xi on China visit,,worldnews
1719234410.0,Boris Johnson says Farage ‘parroting Putin’s lies’ on Ukraine,,worldnews
1719233936.0,UK ‘tried to suppress criticism’ of alleged UAE role in arming Sudan’s RSF militia,,worldnews
1719233913.0,EU top cop launches bombshell corruption probe into former European Investment Bank chief,,worldnews
1719233177.0,"Canada to announce tariff plan for Chinese EV, battery imports following U.S., Europe",,worldnews
1719232344.0,China presses Global South leaders to support Taiwan 'reunification',,worldnews
1719231337.0,Nearly 2 million people stranded as devastating floods hit Bangladesh,,worldnews
1719229198.0,South Korea unveils three new variants for KF-21 fighter jet,,worldnews
1719228120.0,IDF to allow Gazans through Kerem Shalom crossing for first time since start of war,,worldnews
1719227201.0,Poles in Lithuania take high-school exams in Polish for first time in 26 years,,worldnews
1719226681.0,UN documents surge in anti-Taliban attacks in Afghanistan,,worldnews
1719226507.0,Relentless deadly rains lash southern China as flooding threatens millions | CNN,,worldnews
1719225668.0,Apple found in breach of EU competition rules | European Commission finds iPhone maker broke new laws designed to protect smaller competitors against big tech platforms,,worldnews
1719224553.0,"Russia blames U.S. for 'barbaric' Ukrainian attack on Crimea, summons ambassador",,worldnews
1719224274.0,Fire at South Korea lithium battery plant kills at least 16 people,,worldnews
1719223468.0,France: Fresh unrest in New Caledonia after independence activists flown to the mainland for detention,,worldnews
1719221777.0,"At Least 20 Killed in South Korea Lithium Battery Plant Fire, Yonhap Says",,worldnews
1719220759.0,"Parasites Were Found In North Korea’s Trash Balloons, Seoul Says",,worldnews
1719219302.0,At least 16 dead in a fire at a lithium battery factory in South Korea,,worldnews
1719219036.0,Ukraine inches closer to EU dream after decade of war | Reuters,,worldnews
1719219006.0,Ortega regime turns Nicaragua into gateway for irregular migration to the United States ,,worldnews
1719218725.0,Local politician detained after 19 killed in Dagestan terror attacks,,worldnews
1719216896.0,Philippines accuses China of using 'illegal force' to deliberately disrupt resupply mission,,worldnews
1719216496.0,Human trials to begin for new teeth regeneration drug: researchers,,worldnews
1719215213.0,Planes flying from Lithuania to SE Asia mysteriously land in Iran ,,worldnews
1719214796.0,"Israeli Prime Minister says he won't agree to a deal that ends the war in Gaza, testing the latest truce proposal",,worldnews
1719214049.0,EU creates loophole to circumvent Hungary's veto on support for Ukraine – the FT,,worldnews
1719211977.0,"Scholz, Milei demand swift deal on EU-Mercosur free-trade pact",,worldnews
1719211808.0,"Autocracy is 'evil', Taiwan president says after China threatens death for separatism",,worldnews
1719210503.0,Russian Spy Ships Likely Gathering Intelligence On Israel’s Newest Submarine,,worldnews
1719205905.0,Netanyahu says Israel is winding down its Gaza operations. But he warns a Lebanon war could be next,,worldnews
1719203862.0,"UAE: Abortion now allowed in rape, incest cases as new law issued",,worldnews
1719203078.0,North Korea warns US of ‘new world war’ over Ukraine after pact with Putin,,worldnews
1719202993.0,"S. Korea, U.S., Japan condemn deepening Russia-N.K. military cooperation 'in strongest possible terms' ",,worldnews
1719202384.0,"Saudi Arabia says deaths during Haj pilgrimage reach 1,301, as officials defend management decisions",,worldnews
1719201725.0,"/r/WorldNews Live Thread: Russian Invasion of Ukraine Day 852, Part 1 (Thread #998)",,worldnews
1719198324.0,"Gunmen kill police, priest in attacks on places of worship in Russia’s Dagestan",,worldnews
1719192685.0,"‘Intense phase of war with Hamas about to end,’ focus to shift to Lebanon border, Netanyahu says",,worldnews
1719191681.0,"An Israel offensive into Lebanon risks an Iranian military response, top US military leader says",,worldnews
1719188315.0,"Non-profit groups hand ICC information on 20,000 Ukrainian children deported to Russia",,worldnews
1719187610.0,Kenyan police force to leave for UN-backed Haiti mission on Tuesday,,worldnews
1719187547.0,"Hezbollah using Beirut airport to store Iranian arms, Lebanese whistleblowers claim",,worldnews
1719184792.0,Pressure on Rishi Sunak as election betting scandal grows,,worldnews
1719184390.0,Iran to designate Canadian army as a terrorist entity - Islamabad Post,,worldnews
1719183576.0,RCMP chief says he hopes MPs don't name politicians accused of aiding foreign powers in the House,,worldnews
1719183574.0,Chang’e-6 heads for Earth with first-ever lunar far side samples,,worldnews
1719180619.0,"Heads of churches say Israeli government is demanding they pay property tax, upsetting status quo",,worldnews
1719178905.0,"North Korean official criticises US for expanding support for Ukraine, KCNA reports",,worldnews
1719175411.0,Three Somali fishermen found safe in Maldives after being lost at sea for over three months,,worldnews
1719170516.0,"‘Travelled from Qatar...’: NEET-PG aspirants ‘traumatised, shocked’ after Centre postpones exam",,worldnews
1719169864.0,French women’s rights supporters march against far right ahead of snap polls,,worldnews
1719168166.0,"Israeli airstrike kills eight at Gaza aid centre, witnesses say",,worldnews
1719167142.0,Orbán closes to ECR after Romania’s AUR ultra-nationalists join group in EU Parliament,,worldnews
1719165531.0,"Seven killed, dozens missing after gunmen attack in northern Nigeria",,worldnews
1719164661.0,U.S. carrier in Med ahead of possible war with Lebanon,,worldnews
1719164533.0,Finance Minister Smotrich is planning 'mega-dramatic' change in governance of Judea and Samaria,,worldnews
1719160288.0,Hungary backs EU sanctions against Russia after securing exemption for Rosatom’s Paks II project ,,worldnews
1719160214.0,"China should open market for Polish meat, Duda says",,worldnews
1719160177.0,‘Lax’ nuclear security leaving UK at risk of cyber attacks from hostile nations.,,worldnews
1719160076.0,Egypt cracks down on tourism companies after haj deaths,,worldnews
1719159857.0,"China, France launch satellite to better understand the universe",,worldnews
1719159648.0,Gunmen attack synagogue and Orthodox church in Russia's Dagestan - report,,worldnews
1719158577.0,"Ukraine's ambassador to Poland to move to Czechia, where Ukraine has had no ambassador for two years",,worldnews
1719148132.0,"Sri Lanka bans animal, animal product imports from bird flu affected countries",,worldnews
